{
    "sofa_side": {
        "id": 1,
        "name": "沙发旁边",
        "pose": [
            -0.31759095191955566,
            -0.03961750119924545,
            0.0,
            0.0,
            0.0,
            0.2517226478893941,
            0.9677993974081507
        ]
    },
   
    "trash_side": {
        "id": 3,
        "name": "垃圾",
        "pose": [
             0.538594663143158,
            -0.4141964018344879,
            0.0,
            0.0,
            0.0,
            -0.16412382619244706,
            0.9864357747635831
        ]
    },
    "table_side": {
        "id": 2,
        "name": "桌子旁边",
        "pose": [
            -0.11621696501970291,
            3.2633988857269287,
            0.0,
            0.0,
            0.0,
            0.9911107059964556,
            0.13294449246130896
        ]
    },
    "bed_side": {
        "id": 4,
        "name": "床边",
        "pose": [
            0.7800874710083008,
            0.965181827545166,
            0.0,
            0.0,
            0.0,
            0.5766707936535383,
            0.8169758404510358
        ]
    },
    "location_1782121453": {
        "id": 5,
        "name": "门口",
        "pose": [
            0.6681405305862427,
            4.203225135803223,
            0.0,
            0.0,
            0.0,
            0.5799540785301912,
            0.81464641160061
        ]
    },
    "location_1782121493": {
        "id": 6,
        "name": "床尾旁边",
        "pose": [
            0.27003398537635803,
            3.1785898208618164,
            0.0,
            0.0,
            0.0,
            0.8495411793615181,
            -0.5274785569155184
        ]
    }
}
